id,setId,name,faction,mainDeck,cost,type,subtype,sets,atk,hp,keywords,flip,face,singularity,description,imageId
dcs_02_001ex,DCS-02-001 EX,"Ivo, Head of the Secret Police",Red,Protagonist,6,Protagonist,Supporter,Dawn of the Celestial Shadow,,18,"frazzle, blood tithe",FALSE,1,TRUE,"FRAZZLE: Play a Blood Tithe from your Persona Deck. Activate this ability only during your main phase and only once per turn.
Whenever a Character you control would take damage to pay a [BLOOD TITHE], put that many cards from the top of your deck into your graveyard instead.",dcs_02_001_ex
dcs_02_002ex,DCS-02-002 EX,"Lucrezia, Progenitor of Vampires",Red,Protagonist,8,Protagonist,Vampire,"Dawn of the Celestial Shadow, Structure Deck: Blood Harvest",0,20,"flip, turn end, add",TRUE,1,TRUE,"[TURN END]: Add a Blood Tithe from your Persona Deck to your hand. Otherwise, if your Persona Deck is empty, flip this card.",dcs_02_002_f_ex
dcs_02_002ex,DCS-02-002 EX,"Lucrezia, Progenitor of Vampires",Red,Protagonist,8,Protagonist,Vampire,"Dawn of the Celestial Shadow, Structure Deck: Blood Harvest",3,20,"alter ego, breakthrough, enter, deal, heal",TRUE,2,TRUE,"[ALTER EGO 5] [BREAKTHROUGH]
[ENTER]: Deal 2 damage to target Character, then [HEAL 2] target Vampire.",dcs_02_002_r_ex
dcs_02_003ex,DCS-02-003 EX,Burning Blood,Red,Persona,0,Action,Blood Tithe,Dawn of the Celestial Shadow,,,"blood tithe, deal",FALSE,1,FALSE,"[BLOOD TITHE 1]: Deal X damage to target Character, where X is the damage on it.",dcs_02_003_ex
dcs_02_004ex,DCS-02-004 EX,Bond of Eternal Subservience,Red,Persona,0,Action,Blood Tithe,"Dawn of the Celestial Shadow, Structure Deck: Blood Harvest",,,"blood tithe, put into play",FALSE,1,FALSE,[BLOOD TITHE 2]: Search your deck for a Supporter and put it into play.,dcs_02_004_ex
dcs_02_005ex,DCS-02-005 EX,Lesser Hemomancy,Red,Persona,0,Action,Blood Tithe,"Dawn of the Celestial Shadow, Structure Deck: Blood Harvest",,,"blood tithe, preemptive strike, heal",FALSE,1,FALSE,"[BLOOD TITHE 2]: Target Vampire you control gets [PREEMPTIVE STRIKE] and “Whenever this card deals combat damage, [HEAL X] target card, where X is the dealt damage” until end of turn.",dcs_02_005_ex
dcs_02_006ex,DCS-02-006 EX,Ritual of Rebirth,Red,Persona,0,Action,Blood Tithe,"Dawn of the Celestial Shadow, Structure Deck: Blood Harvest",,,"blood tithe, graveyard, put into play",FALSE,1,FALSE,[BlOOD TITHE 2]: Return target Vampire that costs 2 or less from your graveyard to play.,dcs_02_006_ex
dcs_02_007ex,DCS-02-007 EX,Blood Scythe,Red,Persona,0,Action,Blood Tithe,"Dawn of the Celestial Shadow, Structure Deck: Blood Harvest",,,"blood tithe, breakthrough, buff",FALSE,1,FALSE,[BLOOD TITHE 3]: Target Vampire gets +1 ATK and [BREAKTHROUGH] until end of turn.,dcs_02_007_ex
dcs_02_008ex,DCS-02-008 EX,Brutal Frenzy,Red,Persona,0,Action,Blood Tithe,Dawn of the Celestial Shadow,,,"blood tithe, assault, explosion",FALSE,1,FALSE,[BlOOD TITHE 3]: Target Vampire gets [ASSAULT] or [EXPLOSION 1] until end of turn.,dcs_02_008_ex
dcs_02_009ex,DCS-02-009 EX,Crimson Cage,Red,Persona,0,Action,Blood Tithe,Dawn of the Celestial Shadow,,,"blood tithe, shield, debuff",FALSE,1,FALSE,[BlOOD TITHE 3]: All opposing Characters gets -1 ATK and lose [SHIELD 1] until end of turn.,dcs_02_009_ex
dcs_02_010ex,DCS-02-010 EX,Exsanguinate,Red,Persona,0,Action,Blood Tithe,"Dawn of the Celestial Shadow, Structure Deck: Blood Harvest",,,"blood tithe, heal, deal",FALSE,1,FALSE,"[BLOOD TITHE 3]: Deal 2 damage to target Character, then [HEAL 2] target Vampire.",dcs_02_010_ex
sd_02_006ex,SD-02-006 EX,Mark of the Favored,Red,Persona,0,Action,Blood Tithe,Structure Deck: Blood Harvest,,,"blood tithe, buff",FALSE,1,FALSE,"[BLOOD TITHE 3]: Target Supporter gets +1 ATK and “Whenever this card would take damage, deal that many damage to your Protagonist instead.” until end of turn.",sd_02_006_ex
dcs_02_011ex,DCS-02-011 EX,Pact for Knowledge,Red,Persona,0,Action,Blood Tithe,Dawn of the Celestial Shadow,,,"blood tithe, draw, reorder",FALSE,1,FALSE,"[BlOOD TITHE 3]: Look at the top 4 cards of your deck. Add one to your hand, then put the rest on the bottom of your deck.",dcs_02_011_ex
dcs_02_012n,DCS-02-012 N,Heirs of the Subservient Lineage,Red,Deck,1,Character,Supporter,Dawn of the Celestial Shadow,0,2,"blood tithe, shatter, deal, pay, graveyard, put into play",FALSE,1,FALSE,"[SHATTER]: If this card was shattered to pay a [BLOOD TITHE], you may PAY 1 or deal 2 damage to your Protagonist. If you do, return this card from your graveyard to play.",dcs_02_012_n
dcs_02_013n,DCS-02-013 N,Crowd Instigator,Red,Deck,1,Character,Supporter,Dawn of the Celestial Shadow,1,1,"frazzle, buff",FALSE,1,FALSE,FRAZZLE: Target Character gets +1 ATK until end of turn.,dcs_02_013_n
dcs_02_014n,DCS-02-014 N,Naive Suitor,Red,Deck,1,Character,Supporter,Dawn of the Celestial Shadow,1,1,"shatter, buff",FALSE,1,FALSE,"[SHATTER]: Look at the top card of your deck. If it’s a Vampire, reveal it, and add it to your hand.
If you control a Vampire, this card gets +1 ATK.",dcs_02_014_n
dcs_02_015n,DCS-02-015 N,Young Vampire,Red,Deck,1,Character,Vampire,"Dawn of the Celestial Shadow, Structure Deck: Blood Harvest",1,1,"preemptive strike, buff, blood tithe, graveyard",FALSE,1,FALSE,"If there is a Blood Tithe in your graveyard, this card gets +1 ATK and [PREEMPTIVE STRIKE].",dcs_02_015_n
dcs_02_016n,DCS-02-016 N,Sly Informant,Red,Deck,1,Character,Supporter,"Dawn of the Celestial Shadow, Structure Deck: Blood Harvest",2,2,"isolate, shatter",FALSE,1,FALSE,"[ISOLATE]
[SHATTER]: Deal 1 damage to your Protagonist.",dcs_02_016_n
dcs_02_017n,DCS-02-017 N,Sacrificial Maiden,Red,Deck,2,Character,Supporter,"Dawn of the Celestial Shadow, Structure Deck: Blood Harvest",0,2,"shatter, breakthrough, buff",FALSE,1,FALSE,[SHATTER]: Target Vampire gets +2 ATK and [BREAKTHROUGH] until end of turn.,dcs_02_017_n
dcs_02_018n,DCS-02-018 N,Pain Fanatic,Red,Deck,2,Character,Supporter,"Dawn of the Celestial Shadow, Structure Deck: Blood Harvest",0,6,buff,FALSE,1,FALSE,This card gets +1 ATK for each damage on it.,dcs_02_018_n
dcs_02_019n,DCS-02-019 N,Tithe Enthusiast,Red,Deck,2,Character,Vampire,"Dawn of the Celestial Shadow, Structure Deck: Blood Harvest",1,2,"buff, blood tithe",FALSE,1,FALSE,This card gets +1 ATK for each Blood Tithe in your graveyard.,dcs_02_019_n
dcs_02_020n,DCS-02-020 N,Estate Chauffeur,Red,Deck,2,Character,Supporter,"Dawn of the Celestial Shadow, Structure Deck: Blood Harvest",2,1,"assault, enter, search, put into play",FALSE,1,FALSE,"[ASSAULT]
[ENTER]: If you don’t control another Supporter, search your deck for a Supporter that costs 1 or less and put it into play.",dcs_02_020_n
sd_02_013n,SD-02-013 N,"Gennaro, Unreliable Bully",Red,Deck,2,Character,Supporter,Structure Deck: Blood Harvest,4,3,shatter,FALSE,1,TRUE,"If another Character you control is shattered, retire this card.",sd_02_013_n
dcs_02_021n,DCS-02-021 N,Secret Police Officer,Red,Deck,2,Character,Vampire,Dawn of the Celestial Shadow,2,2,"blood tithe, buff",FALSE,1,FALSE,[BLOOD TITHE 2]: This card gets +2 ATK until end of turn. Activate this ability only during your main phase and only once per turn.,dcs_02_021_n
dcs_02_022n,DCS-02-022 N,Ravenous Vampire,Red,Deck,2,Character,Vampire,Dawn of the Celestial Shadow,2,3,"blood tithe, heal, frazzle",FALSE,1,FALSE,[BLOOD TITHE 2]: This card gets +2 ATK until end of turn. Activate this ability only during your main phase and only once per turn.,dcs_02_022_n
dcs_02_023n,DCS-02-023 N,Corpses' Bride,Red,Deck,3,Character,Officer,Dawn of the Celestial Shadow,0,2,"buff, graveyard",FALSE,1,FALSE,This card gets +1 ATK for each Character in your graveyard.,dcs_02_023_n
dcs_02_024n,DCS-02-024 N,Daughters of Aristocracy,Red,Deck,3,Character,Vampire,Dawn of the Celestial Shadow,2,4,"buff, preemptive strike, blood tithe",FALSE,1,FALSE,"[PREEMPTIVE STRIKE]
Whenever a Character is shattered by a Vampire or to pay a [BLOOD TITHE], this card gets +2 ATK until end of turn.",dcs_02_024_n
dcs_02_025n,DCS-02-025 N,Bloodthirsty Fighter,Red,Deck,3,Character,Vampire,"Dawn of the Celestial Shadow, Structure Deck: Blood Harvest",3,3,"assault, heal",FALSE,1,FALSE,"[ASSAULT]
Whenever this card shatters an opposing Character while attacking, [HEAL 2] this card.",dcs_02_025_n
dcs_02_026n,DCS-02-026 N,Deranged Officer,Red,Deck,3,Character,Vampire,"Dawn of the Celestial Shadow, Structure Deck: Blood Harvest",3,3,"blood tithe, buff, explosion",FALSE,1,FALSE,[BLOOD TITHE 2]: This card gets +1 ATK and [EXPLOSION 1]. Activate this ability only once per turn.,dcs_02_026_n
dcs_02_027n,DCS-02-027 N,Dominant Interrogator,Red,Deck,3,Character,Vampire,Dawn of the Celestial Shadow,3,3,"isolate, heal, shatter",FALSE,1,FALSE,"[ISOLATE]
Whenever a Character you control is shattered, leave it in play until end of turn.
Whenever a Character you control leaves play, [HEAL 1] this card.",dcs_02_027_n
dcs_02_028n,DCS-02-028 N,Lone Hunter,Red,Deck,3,Character,Vampire,Dawn of the Celestial Shadow,4,3,"blood tithe, heal, deal",FALSE,1,FALSE,"[BLOOD TITHE 3]: Deal 1 damage to target Character, then [HEAL 1] this card. Activate this ability only once per turn.",dcs_02_028_n
dcs_02_029n,DCS-02-029 N,Lounge Singer,Red,Deck,3,Character,Vampire,Dawn of the Celestial Shadow,5,5,"isolate, debuff",FALSE,1,FALSE,"[ISOLATE]
This card gets -1 ATK and -1 HP for every other Character you control.",dcs_02_029_n
sd_02_016n,SD-02-016 N,Information Decryptor,Red,Deck,4,Character,Vampire,Structure Deck: Blood Harvest,3,3,"isolate, heal, assault",FALSE,1,FALSE,"[ISOLATE]
Cards with [ISOLATE] you control get [ASSAULT] and “Whenever this card shatters an opposing Character while attacking, [HEAL 1] this card”.",sd_02_016_n
dcs_02_030n,DCS-02-030 N,Progenitor's Housekeeper,Red,Deck,4,Character,Vampire,Dawn of the Celestial Shadow,3,4,"buff, preemptive strike",FALSE,1,FALSE,"If your Protagonist is a Vampire, both it and this card get +1 ATK and [PREEMPTIVE STRIKE].",dcs_02_030_n
dcs_02_031n,DCS-02-031 N,Raider of Regime,Red,Deck,4,Character,Vampire,Dawn of the Celestial Shadow,4,4,"isolate, preemptive strike",FALSE,1,FALSE,[ISOLATE] [PREEMPTIVE STRIKE],dcs_02_031_n
dcs_02_032n,DCS-02-032 N,Twins of the Household,Red,Deck,4,Character,Vampire,"Dawn of the Celestial Shadow, Structure Deck: Blood Harvest",5,4,"enter, blood tithe, isolate, assault",FALSE,1,FALSE,"[ENTER]: If a Character was shattered this turn by a Vampire or to pay a [BLOOD TITHE], this card gets [ASSAULT] and [ISOLATE] until end of turn.",dcs_02_032_n
dcs_02_033n,DCS-02-033 N,"Isabella, First Descendant",Red,Deck,5,Character,Vampire,"Dawn of the Celestial Shadow, Structure Deck: Blood Harvest",6,5,"enter, isolate",FALSE,1,TRUE,"[ISOLATE]
[ENTER]: You can play a Blood Tithe from your Persona Deck.",dcs_02_033_n
dcs_02_034n,DCS-02-034 N,Growing Suspicions,Red,Deck,1,Scenography,Concept,Dawn of the Celestial Shadow,,3,"isolate, debuff, buff, retire",FALSE,1,FALSE,"Whenever an opposing Character is shattered by a card with [ISOLATE] you control, all opposing cards get -1 ATK until end of turn.
Retire this card: Target card with [ISOLATE] gets +1 ATK until end of turn.",dcs_02_034_n
dcs_02_035n,DCS-02-035 N,Progenitor's Estate,Red,Deck,2,Scenography,Building,Dawn of the Celestial Shadow,,4,buff,FALSE,1,FALSE,"Vampires you control gets +1 ATK.
Supporters you control gets +1 HP.",dcs_02_035_n
dcs_02_036n,DCS-02-036 N,Sacrifice Offering,Red,Deck,0,Action,Action,Dawn of the Celestial Shadow,,,"shatter, heal, reorder",FALSE,1,FALSE,"Shatter target Supporter you control: [HEAL 2] target Vampire, then look at the top card of your deck. You may put it at the bottom of your deck. Copy this ability X times, where X is the cost of the supporter shattered this way.",dcs_02_036_n
dcs_02_037n,DCS-02-037 N,Vigor of Nourishment,Red,Deck,0,Action,Action,Dawn of the Celestial Shadow,,,buff,FALSE,1,FALSE,Target Vampire gets +1 ATK until end of turn.,dcs_02_037_n
dcs_02_038n,DCS-02-038 N,Curse of the Occult Arts,Red,Deck,2,Action,Action,Dawn of the Celestial Shadow,,,"deal, debuff",FALSE,1,FALSE,"Deal 2 damage to target Character. If it didn’t shatter, it gets -1 ATK until end of turn.",dcs_02_038_n
dcs_01_001ex,DCS-01-001 EX,"Athrias, the Chosen One",Green,Protagonist,7,Protagonist,Hero,"Dawn of the Celestial Shadow, Structure Deck: the Hero's Journey",0,20,"buff, quest, put into play",FALSE,1,TRUE,"This card gets +1 ATK for each Relic you control.
Remove X Quest counters: Put target Relic that costs X from your Persona Deck into play. Activate this ability only during your main phase and only once per turn.",dcs_01_001_ex
dcs_01_002ex,DCS-01-002 EX,"Eleanor, Guildmaster",Green,Protagonist,8,Protagonist,Adventurer,Dawn of the Celestial Shadow,,18,"quest, cost reduction, put into play",FALSE,1,TRUE,"Remove 1 Quest counter: The next card you play this turn costs 1 less. Activate this ability only once per turn.
Remove X Quest counters: Put target Relic that costs X from your Persona Deck into play. Activate this ability only during your main phase and only once per turn.",dcs_01_002_ex
dcs_01_003ex,DCS-01-003 EX,War Horn,Green,Persona,2,Scenography,Relic,Dawn of the Celestial Shadow,,3,"worn, buff, frazzle",FALSE,1,FALSE,"[WORN]: The wearer of this card gets “When this card attacks, you may place an additional Frazzle counter on this card. If you do, this card and all adjacent Characters gets +1 ATK until end of turn”.",dcs_01_003_ex
dcs_01_004ex,DCS-01-004 EX,Hero's Banner,Green,Persona,3,Scenography,Relic,Dawn of the Celestial Shadow,,3,"imperishable, cost reduction",FALSE,1,FALSE,"[IMPERISHABLE]
Remove X Glory counter: The next card you play this turn costs X less.
Whenever a Character you control shatters an opposing Character while attacking, place 1 Glory counter on this card.",dcs_01_004_ex
dcs_01_005ex,DCS-01-005 EX,Hunting Trophy,Green,Persona,3,Scenography,Relic,Dawn of the Celestial Shadow,,3,"quest, draw",FALSE,1,FALSE,"Whenever an opposing Character that costs 5 or more is shattered, [QUEST 1], then draw 1 card.",dcs_01_005_ex
dcs_01_006ex,DCS-01-006 EX,Pendant of the Seer Stones,Green,Persona,3,Scenography,Relic,Dawn of the Celestial Shadow,,3,"imperishable, worn, frazzle, reorder",FALSE,1,FALSE,"[IMPERISHABLE]
WORN Protagonist]: The wearer of this card gets “FRAZZLE: Look at the top card of your deck. You may put it at the bottom of your deck”.",dcs_01_006_ex
dcs_01_007ex,DCS-01-007 EX,Pledge of Divine Blessing,Green,Persona,3,Scenography,Relic,"Dawn of the Celestial Shadow, Structure Deck: the Hero's Journey",,3,"imperishable, rapid recovery, regeneration",FALSE,1,FALSE,"[IMPERISHABLE]
Heroes you control get [RAPID RECOVERY] and [REGENERATION 1].",dcs_01_007_ex
sd_01_003ex,SD-01-003 EX,Shield of the Royal Arms,Green,Persona,3,Scenography,Relic,Structure Deck: the Hero's Journey,,3,"imperishable, worn, barrier, shield",FALSE,1,FALSE,"[IMPERISHABLE]
[WORN Hero or Adventurer]: The wearer of this card gets “Whenever this card attacks, it gets [BARRIER] and [SHIELD 3] until the end of the combat phase”.",sd_01_003_ex
dcs_01_008ex,DCS-01-008 EX,Draconic Armor,Green,Persona,4,Scenography,Relic,"Dawn of the Celestial Shadow, Structure Deck: the Hero's Journey",,3,"imperishable, worn, shield",FALSE,1,FALSE,"[IMPERISHABLE]
[WORN Hero or Demon]: The wearer of this card gets [SHIELD 1] and “This card cannot take more than 5 damage from a single source”.",dcs_01_008_ex
dcs_01_009ex,DCS-01-009 EX,"Larendil, the Holy Sword",Green,Persona,4,Scenography,Relic,"Dawn of the Celestial Shadow, Structure Deck: the Hero's Journey",,3,"imperishable, worn, explosion, buff",FALSE,1,TRUE,"[IMPERISHABLE]
WORN Hero]: The wearer of this card gets +1 ATK and [EXPLOSION 1].",dcs_01_009_ex
dcs_01_010ex,DCS-01-010 EX,Ring of the Sacred Heir,Green,Persona,4,Scenography,Relic,Dawn of the Celestial Shadow,,3,"imperishable, worn, frazzle",FALSE,1,FALSE,"[IMPERISHABLE]
[WORN Hero]: The wearer of this card gets “FRAZZLE: Deal 1 damage to target Character”.",dcs_01_010_ex
dcs_01_011ex,DCS-01-011 EX,"Tome of the Celestial Sword, Vol. 1",Green,Persona,5,Scenography,Relic,"Dawn of the Celestial Shadow, Structure Deck: the Hero's Journey",,3,"imperishable, breakthrough, preemptive strike, frazzle, buff",FALSE,1,FALSE,"[IMPERISHABLE]
Heroes you control get +1 ATK.
FRAZZLE: Target Hero gets [BREAKTHROUGH] or [PREEMPTIVE STRIKE] until end of turn.",dcs_01_011_ex
dcs_01_012n,DCS-01-012 N,Guild Personnel,Green,Deck,1,Character,Commoner,Dawn of the Celestial Shadow,1,1,draw,FALSE,1,FALSE,"Whenever a card you control shatters an opposing Character while attacking, draw 1 card.",dcs_01_012_n
dcs_01_013n,DCS-01-013 N,"Keldan, Dauntless Explorer",Green,Deck,1,Character,Adventurer,"Dawn of the Celestial Shadow, Structure Deck: the Hero's Journey",1,1,"enter, quest, graveyard",FALSE,1,TRUE,"[ENTER]: [QUEST 1]
Whenever a Scenography you control is shattered, return this card from your graveyard to your hand.",dcs_01_013_n
dcs_01_014n,DCS-01-014 N,Villager in Peril,Green,Deck,1,Character,Commoner,"Dawn of the Celestial Shadow, Structure Deck: the Hero's Journey",1,1,"quest, enter, shatter",FALSE,1,FALSE,"[ENTER]: [QUEST 1]
[SHATTER]: [QUEST 1]",dcs_01_014_n
dcs_01_015n,DCS-01-015 N,"Julia, Scarlet Swordwoman",Green,Deck,2,Character,Adventurer,"Dawn of the Celestial Shadow, Structure Deck: the Hero's Journey",1,1,"quest, enter, assault, buff",FALSE,1,TRUE,"[ASSAULT]
[ENTER]: [QUEST 1]
This card gets +1 ATK and +1 HP for each Quest counter on your Protagonist, up to a maximum of +3.",dcs_01_015_n
dcs_01_016n,DCS-01-016 N,"Altea, Heir of the Celestial Sword",Green,Deck,2,Character,Hero,"Dawn of the Celestial Shadow, Structure Deck: the Hero's Journey",2,3,"quest, enter, buff",FALSE,1,TRUE,"[ENTER]: [QUEST 1]
This card gets +1 ATK and +1 HP for each Relic not Worn by your Protagonist.",dcs_01_016_n
dcs_01_017n,DCS-01-017 N,"Oriana, Brash Mercenary",Green,Deck,2,Character,Adventurer,"Dawn of the Celestial Shadow, Structure Deck: the Hero's Journey",3,3,"rapid recovery, regeneration, quest",FALSE,1,TRUE,"[RAPID RECOVERY] [REGENERATION 1]
Whenever this card shatters an opposing Character while attacking, [QUEST 1].",dcs_01_017_n
dcs_01_018n,DCS-01-018 N,"Gordon, Immovable Guardian",Green,Deck,3,Character,Adventurer,Dawn of the Celestial Shadow,1,5,"guard, enter, quest",FALSE,1,TRUE,"[GUARD]
[ENTER]: [QUEST 1]",dcs_01_018_n
dcs_01_019n,DCS-01-019 N,"Liselle, Holy Maiden",Green,Deck,3,Character,Cleric,"Dawn of the Celestial Shadow, Structure Deck: the Hero's Journey",2,2,"quest, enter, heal",FALSE,1,TRUE,"[ENTER]: [QUEST 1], then [HEAL X] target card, where X is the number of Quest counters on your Protagonist.",dcs_01_019_n
dcs_01_020n,DCS-01-020 N,"Vadriel, Veteran Scout",Green,Deck,3,Character,Adventurer,"Dawn of the Celestial Shadow, Structure Deck: the Hero's Journey",2,2,"quest, enter, reorder",FALSE,1,TRUE,"Whenever you gain Quest counters, look at the top card of your deck. You may put it at the bottom of your deck.",dcs_01_020_n
dcs_01_021n,DCS-01-021 N,"Shazi, Dancer of the Dunes",Green,Deck,3,Character,Adventurer,Dawn of the Celestial Shadow,2,3,"quest, enter, frazzle",FALSE,1,TRUE,"[ENTER]: [QUEST 1]
As long as this card has a Frazzle counter on it, it cannot be attacked.
FRAZZLE, FRAZZLE: Remove 1 Frazzle counter from target card.",dcs_01_021_n
sd_01_014n,SD-01-014 N,"Gwen, White Haired Witch",Green,Deck,3,Character,Mage,Structure Deck: the Hero's Journey,3,1,"barrier, shield, enter, quest, deal",FALSE,1,TRUE,"[BARRIER] [SHIELD 1]
[ENTER]: [QUEST 1], then deal up to X damage to target Character, where X is the number of Quest counters on your Protagonist.",sd_01_014_n
dcs_01_022n,DCS-01-022 N,Capital Duelist,Green,Deck,3,Character,Soldier,Dawn of the Celestial Shadow,3,2,"preemptive strike, preemptive defense",FALSE,1,FALSE,[PREEMPTIVE STRIKE] [PREEMPTIVE DEFENSE],dcs_01_022_n
dcs_01_023n,DCS-01-023 N,"Daryl, Guardian of the Sanctuary",Green,Deck,3,Character,Elf,"Dawn of the Celestial Shadow, Structure Deck: the Hero's Journey",2,3,"quest, enter, preemptive defense, deal",FALSE,1,TRUE,"[PREEMPTIVE DEFENSE]
[ENTER]: [QUEST 1], then deal up to X damage to target Scenography, where X is 2 plus the number of Quest counters on your Protagonist.",dcs_01_023_n
dcs_01_024n,DCS-01-024 N,Knight on Patrol,Green,Deck,3,Character,Soldier,Dawn of the Celestial Shadow,3,2,"assault, shield",FALSE,1,FALSE,[ASSAULT] [SHIELD 1],dcs_01_024_n
dcs_01_025n,DCS-01-025 N,"Torlfrig, Barbarian of North",Green,Deck,4,Character,Adventurer,"Dawn of the Celestial Shadow, Structure Deck: the Hero's Journey",2,5,"preemptive strike, enter, quest, buff",FALSE,1,TRUE,"[PREEMPTIVE STRIKE]
[ENTER]: [QUEST 1]
This card gets +1 ATK for each damage on it.",dcs_01_025_n
dcs_01_026n,DCS-01-026 N,"Lowen, Battle Elementalist",Green,Deck,4,Character,Mage,Dawn of the Celestial Shadow,3,2,"barrier, shield, enter, quest, frazzle, deal",FALSE,1,TRUE,"[BARRIER] [SHIELD 1]
[ENTER]: [QUEST 1]
FRAZZLE: Deal 1 damage to target Character.",dcs_01_026_n
dcs_01_027n,DCS-01-027 N,"Julia, Flame Paladin",Green,Deck,7,Character,Adventurer,"Dawn of the Celestial Shadow, Structure Deck: the Hero's Journey",4,4,"assault, buff, quest",FALSE,1,TRUE,"[ASSAULT]
This card gets +1 ATK and +1 HP for each Relic you control.
Whenever this card shatters an opposing Character while attacking, [QUEST 1], then remove 1 Frazzle counter from this card.",dcs_01_027_n
dcs_01_028n,DCS-01-028 N,"Floria, the King's Sword",Green,Deck,8,Character,Soldier,"Dawn of the Celestial Shadow, Structure Deck: the Hero's Journey",3,6,"preemptive strike, shield, buff",FALSE,1,TRUE,"[PREEMPTIVE STRIKE] [SHIELD 2]
This card gets +X ATK, where X is the highest ATK value among the other cards you control.",dcs_01_028_n
dcs_01_029n,DCS-01-029 N,"Kielta, Renegade Demon",Green,Deck,8,Character,Demon,Dawn of the Celestial Shadow,7,7,"enter, quest, breakthrough, deal, heal",FALSE,1,TRUE,"[ENTER]: [QUEST 2]
Remove 1 Quest counter from your Protagonist: Choose 1:
• This card gets [BREAKTHROUGH].
• Deal 1 damage to target Character.
• [HEAL 3] this card.",dcs_01_029_n
dcs_01_030n,DCS-01-030 N,"""Drunken Bear"" Inn",Green,Deck,1,Scenography,Building,Dawn of the Celestial Shadow,,4,heal,FALSE,1,TRUE,"Whenever a card you control shatters an opposing Character while attacking, [HEAL 2] that card.",dcs_01_030_n
dcs_01_031n,DCS-01-031 N,Hideout in the Swamp's Depths,Green,Deck,2,Scenography,Dungeon,Dawn of the Celestial Shadow,,8,"shatter, search, deal",FALSE,1,FALSE,"[SHATTER]: Search your deck for two Characters, reveal them, and add them to your hand.
Whenever you gain Quest counters, deal 1 damage to this card.",dcs_01_031_n
dcs_01_032n,DCS-01-032 N,Sanctuary of the Holy Sword,Green,Deck,6,Scenography,Dungeon,"Dawn of the Celestial Shadow, Structure Deck: the Hero's Journey",,4,"shatter, draw, deal, put into play",FALSE,1,FALSE,"[SHATTER]: Put Larendil, the Holy Sword from your Persona Deck into play, then draw 2 cards.
Whenever you gain Quest counters, deal 1 damage to this card.",dcs_01_032_n
dcs_01_033n,DCS-01-033 N,Forgotten Library,Green,Deck,6,Scenography,Dungeon,Dawn of the Celestial Shadow,,5,"shatter, worn, draw, deal, put into play",FALSE,1,FALSE,"[SHATTER]: Put a Relic without [WORN] from your Persona Deck into play, then draw 2 cards.
Whenever you gain Quest counters, deal 1 damage to this card.",dcs_01_033_n
dcs_01_034n,DCS-01-034 N,Night Watch,Green,Deck,1,Action,Action,Dawn of the Celestial Shadow,,,preemptive defense,FALSE,1,FALSE,Target Character you control gets [PREEMPTIVE DEFENSE] until end of turn.,dcs_01_034_n
dcs_01_035n,DCS-01-035 N,Against Adversity,Green,Deck,3,Action,Action,"Dawn of the Celestial Shadow, Structure Deck: the Hero's Journey",,,quest,FALSE,1,FALSE,"Choose 1:
• [QUEST X], where X is the number of opposing Characters.
• [QUEST 2]",dcs_01_035_n
dcs_01_036n,DCS-01-036 N,Heroic Destinies,Green,Deck,3,Action,Action,"Dawn of the Celestial Shadow, Structure Deck: the Hero's Journey",,,"quest, barrier, draw, buff",FALSE,1,FALSE,"Choose 1:
• [QUEST 1], then draw 1 card.
• Heroes you control get +1 ATK and [BARRIER] until end of turn.",dcs_01_036_n
dcs_01_037n,DCS-01-037 N,Hero's Strike,Green,Deck,5,Action,Action,Dawn of the Celestial Shadow,,,deal,FALSE,1,FALSE,Target Hero you control deals damage equal to its ATK to target card.,dcs_01_037_n
sd_01_021n,SD-01-021 N,Whirlpool Slash,Green,Deck,5,Action,Action,Structure Deck: the Hero's Journey,,,"deal, quest",FALSE,1,FALSE,"Target Hero you control deals damage equal to its ATK divided as you choose among any number of opposing Characters, then [QUEST X], where X is the number of Characters shattered this way.",sd_01_021_n
dcs_01_038n,DCS-01-038 N,Rest by Campfire,Green,Deck,7,Action,Action,Dawn of the Celestial Shadow,,,"heal, frazzle",FALSE,1,FALSE,"Remove X Frazzle counters from any number of target cards, then [HEAL X] divided as you choose among any number of target cards, where X is the number of Relic you control.",dcs_01_038_n
dcs_03_001ex,DCS-03-001 EX,"Meika, Mecha Engineer",Blue,Protagonist,4,Protagonist,Engineer,Dawn of the Celestial Shadow,,18,"game start, search, graveyard, put into play, obliviate",FALSE,1,TRUE,"[GAME START]: Search your deck for a Pilot that costs 2, reveal it, and add it to your hand.
Obliviate X Drone from your graveyard: Put target Mecha that costs equal or less than the sum of the costs of the Drones obliviated this way from your Persona Deck into play, then assign it to target Pilot you control. Activate this ability only during your main phase. The opponent cannot Respond.",dcs_03_001_ex
dcs_03_002ex,DCS-03-002 EX,"Morgan Takehashi, Blue Bolt",Blue,Protagonist,7,Protagonist,Pilot,"Dawn of the Celestial Shadow, Structure Deck: Time for Counterattack",,20,"pilot, pay, put into play",FALSE,1,TRUE,"[PILOT]: Piloted Mecha can attack the turn it comes into play.
Whenever the Mecha assigned to this card is obliviated or retired, this card takes damage equal to its cost.
PAY X: Put target Mecha that costs X from your Persona Deck into play.",dcs_03_002_ex
dcs_03_003ex,DCS-03-003 EX,AS-01 Mass Produced Suit,Blue,Persona,3,Character,Mecha,"Dawn of the Celestial Shadow, Structure Deck: Time for Counterattack",4,4,"piloted, shatter, obliviate",FALSE,1,FALSE,"[PILOTED]
[SHATTER]: Obliviate this card.",dcs_03_003_ex
dcs_03_004ex,DCS-03-004 EX,DS-03S Steel Sentinel,Blue,Persona,5,Character,Mecha,"Dawn of the Celestial Shadow, Structure Deck: Time for Counterattack",4,6,"piloted, guard, shield, shatter",TRUE,1,TRUE,"[PILOTED]: [GUARD] [SHIELD 1]
[SHATTER]: Return this card to play, then flip this card.",dcs_03_004_f_ex
dcs_03_004ex,DCS-03-004 EX,DS-03S Steel Sentinel,Blue,Persona,5,Character,Mecha,"Dawn of the Celestial Shadow, Structure Deck: Time for Counterattack",2,3,"piloted, guard, shield, shatter",TRUE,2,TRUE,"[PILOTED]: [GUARD] [SHIELD 1]
[SHATTER]: Return this card to play, then flip this card.",dcs_03_004_r_ex
dcs_03_005ex,DCS-03-005 EX,AS-03A Shadow Lancer,Blue,Persona,5,Character,Mecha,"Dawn of the Celestial Shadow, Structure Deck: Time for Counterattack",6,4,"piloted, assault, preemptive strike, shatter",TRUE,1,TRUE,"[PILOTED]: [ASSAULT] [PREEMPTIVE STRIKE]
[SHATTER]: Return this card to play, then flip this card.",dcs_03_005_f_ex
dcs_03_005ex,DCS-03-005 EX,AS-03A Shadow Lancer,Blue,Persona,5,Character,Mecha,"Dawn of the Celestial Shadow, Structure Deck: Time for Counterattack",3,2,"piloted, assault, preemptive strike, shatter",TRUE,2,TRUE,"[PILOTED]: [ASSAULT] [PREEMPTIVE STRIKE]
[SHATTER]: Return this card to play, then flip this card.",dcs_03_005_r_ex
dcs_03_006ex,DCS-03-006 EX,CS-06B Gravity Shifter,Blue,Persona,6,Character,Mecha,Dawn of the Celestial Shadow,4,5,"piloted, barrier, shatter, put into play, obliviate",FALSE,1,TRUE,"[PILOTED]: [BARRIER]
[SHATTER]: Obliviate this card, then put target obliviated Mecha into play and assign it to the Pilot of this card.",dcs_03_006_ex
dcs_03_007ex,DCS-03-007 EX,AS-05A Inferno Saber,Blue,Persona,6,Character,Mecha,Dawn of the Celestial Shadow,5,5,"piloted, assault, breakthrough, shatter",TRUE,1,TRUE,"[PILOTED]: [ASSAULT] [BREAKTHROUGH]
[SHATTER]: Return this card to play, then flip this card.",dcs_03_007_f_ex
dcs_03_007ex,DCS-03-007 EX,AS-05A Inferno Saber,Blue,Persona,6,Character,Mecha,Dawn of the Celestial Shadow,3,3,"piloted, assault, breakthrough, shatter, deal, obliviate",TRUE,2,TRUE,"[PILOTED]: [ASSAULT] [BREAKTHROUGH]
Whenever this card attacks or blocks, it deals 2 damage before damage exchange.
[SHATTER]: Obliviate this card.",dcs_03_007_r_ex
dcs_03_008ex,DCS-03-008 EX,CS-04 Sky Strategist,Blue,Persona,7,Character,Mecha,Dawn of the Celestial Shadow,6,6,"piloted, buff, turn end, shatter, graveyard",TRUE,1,TRUE,"[PILOTED]: Adjacent Drones get +1 ATK.
[TURN END]: Put target obliviated Drone into your graveyard.
[SHATTER]: Return this card to play, then flip this card.",dcs_03_008_f_ex
dcs_03_008ex,DCS-03-008 EX,CS-04 Sky Strategist,Blue,Persona,7,Character,Mecha,Dawn of the Celestial Shadow,3,3,"piloted, buff, turn end, shatter, graveyard",TRUE,2,TRUE,"[PILOTED]: Adjacent Drones get +1 ATK.
[TURN END]: Put target obliviated Drone into your graveyard.
[SHATTER]: Return this card to play, then flip this card.",dcs_03_008_r_ex
dcs_03_009ex,DCS-03-009 EX,AS-05E Thunder Sovereign,Blue,Persona,7,Character,Mecha,"Dawn of the Celestial Shadow, Structure Deck: Time for Counterattack",7,6,"piloted, explosion, enter, deal, shatter",TRUE,1,TRUE,"[PILOTED]: [EXPLOSION 2]
[ENTER]: This card deals damage equal to its ATK value to target Character.
[SHATTER]: Return this card to play, then flip this card.",dcs_03_009_f_ex
dcs_03_009ex,DCS-03-009 EX,AS-05E Thunder Sovereign,Blue,Persona,7,Character,Mecha,"Dawn of the Celestial Shadow, Structure Deck: Time for Counterattack",4,3,"piloted, explosion, enter, deal, shatter",TRUE,2,TRUE,"[PILOTED]: [EXPLOSION 2]
[ENTER]: This card deals damage equal to its ATK value to target Character.
[SHATTER]: Return this card to play, then flip this card.",dcs_03_009_r_ex
sd_03_006ex,SD-03-006 EX,AS-7B Lightning Warlock,Blue,Persona,8,Character,Mecha,Structure Deck: Time for Counterattack,0,8,"piloted, barrier, breakthrough, regeneration, shatter, buff, obliviate",FALSE,1,TRUE,"[PILOTED]: [BARRIER] [REGENERATION 1] [BREAKTHROUGH]
[SHATTER]: Obliviate this card.
This card gets +X ATK, where X is half the damages on its Pilot, rounded up.",sd_03_006_ex
dcs_03_010ex,DCS-03-010 EX,CS-05 Infinite Crowd,Blue,Persona,8,Character,Mecha,Dawn of the Celestial Shadow,3,3,"piloted, buff, enter, shatter, graveyard, put into play, obliviate",FALSE,1,TRUE,"[PILOTED]: This card gets +2 ATK and +2 HP for each face down card in its subslots.
[ENTER]: Put 3 Drones from your graveyard into this card’s subslots face down.
Whenever this card would take damage, remove a Drone from its subslot and put it into play instead.
[SHATTER]: Obliviate this card.",dcs_03_010_ex
dcs_03_011ex,DCS-03-011 EX,"RS-0 Valgram, Prototype",Blue,Persona,11,Character,Mecha,Dawn of the Celestial Shadow,11,11,"piloted, barrier, breakthrough, guard, regeneration, shatter",TRUE,1,TRUE,"[PILOTED]: [BREAKTHROUGH] [EXPLOSION 2] [GUARD] [REGENERATION 2]
[SHATTER]: Return this card to play, then flip this card.",dcs_03_011_f_ex
dcs_03_011ex,DCS-03-011 EX,"RS-0 Valgram, Prototype",Blue,Persona,11,Character,Mecha,Dawn of the Celestial Shadow,7,6,"piloted, barrier, breakthrough, guard, regeneration, shatter, graveyard, buff, obliviate",TRUE,2,TRUE,"[PILOTED]: [BREAKTHROUGH] [EXPLOSION 2] [GUARD] [REGENERATION 2]
Whenever this card attacks, you may obliviate its Pilot. If you do, this card gets +2 ATK and you can play a copy of Barrage Fire from your graveyard without paying its cost.
[SHATTER]: Obliviate this card.",dcs_03_011_r_ex
dcs_03_012n,DCS-03-012 N,Automatic Turret,Blue,Deck,1,Character,Drone,Dawn of the Celestial Shadow,0,1,deal,FALSE,1,FALSE,"Whenever an opposing card attacks a Character you control, this card deals 1 damage to it before Damage Exchange.",dcs_03_012_n
dcs_03_013n,DCS-03-013 N,Shield Drone,Blue,Deck,1,Character,Drone,"Dawn of the Celestial Shadow, Structure Deck: Time for Counterattack",0,1,"frazzle, shield",FALSE,1,FALSE,"FRAZZLE, FRAZZLE: Target card gets [SHIELD 1] until end of turn.",dcs_03_013_n
dcs_03_014n,DCS-03-014 N,Surveillance Drone,Blue,Deck,1,Character,Drone,"Dawn of the Celestial Shadow, Structure Deck: Time for Counterattack",0,1,"enter, graveyard, draw",FALSE,1,FALSE,"[ENTER]: Look at the top 2 cards of your deck. Add one to your hand, then put the other into your graveyard.",dcs_03_014_n
dcs_03_015n,DCS-03-015 N,Powered Exoskeleton,Blue,Deck,1,Character,Drone,Dawn of the Celestial Shadow,1,1,"frazzle, worn, buff",FALSE,1,FALSE,"FRAZZLE, FRAZZLE: This card gets “[WORN]: The wearer of this card gets +2 ATK”, then assign it to target Character you control.",dcs_03_015_n
dcs_03_016n,DCS-03-016 N,Replicant Automaton,Blue,Deck,1,Character,Drone,"Dawn of the Celestial Shadow, Structure Deck: Time for Counterattack",1,1,"enter, search, put into play",FALSE,1,FALSE,"[ENTER]: If you don’t control another card with the same name, search your deck for a Replicant Automaton and put it into play.",dcs_03_016_n
sd_03_010n,SD-03-010 N,Rookie in Training,Blue,Deck,1,Character,Pilot,Structure Deck: Time for Counterattack,1,1,"pilot, frazzle, put into play",FALSE,1,FALSE,"[PILOT]
Remove X Training counters: Put target Mecha that costs X from your Persona Deck or your oblivion into play, then assign it to this card.
FRAZZLE: Place 1 Training counter on this card.",sd_03_010_n
dcs_03_017n,DCS-03-017 N,Combat Scanner,Blue,Deck,1,Character,Drone,Dawn of the Celestial Shadow,1,2,"isolate, negate",FALSE,1,FALSE,Drones can block cards with [ISOLATE].,dcs_03_017_n
dcs_03_018n,DCS-03-018 N,Rapid Response Sentinel,Blue,Deck,1,Character,Drone,"Dawn of the Celestial Shadow, Structure Deck: Time for Counterattack",2,1,assault,FALSE,1,FALSE,[ASSAULT],dcs_03_018_n
dcs_03_019n,DCS-03-019 N,Drone Under Construction,Blue,Deck,2,Character,Drone,Dawn of the Celestial Shadow,0,2,"frazzle, put into play, shatter",FALSE,1,FALSE,"FRAZZLE: Look at the top card of your deck. If it’s a Drone, put it into play, then shatter this card. Otherwise, put it on the top of your deck.",dcs_03_019_n
dcs_03_020n,DCS-03-020 N,Holographic Projection Unit,Blue,Deck,2,Character,Drone,Dawn of the Celestial Shadow,0,2,"frazzle, redirect",FALSE,1,FALSE,"FRAZZLE, FRAZZLE: This card must be chosen as target of the next opposing Action or ability.",dcs_03_020_n
dcs_03_021n,DCS-03-021 N,Defense Pilot,Blue,Deck,2,Character,Pilot,Dawn of the Celestial Shadow,1,2,"pilot, shield, buff",FALSE,1,FALSE,"[SHIELD 1]
[PILOT]: Piloted Mecha gets +1 HP.",dcs_03_021_n
dcs_03_022n,DCS-03-022 N,First Aid Team,Blue,Deck,2,Character,Medic,Dawn of the Celestial Shadow,1,3,"enter, heal, graveyard",FALSE,1,FALSE,"[ENTER]: Choose 1:
• [HEAL 2] target non-Drone non-Mecha card.
• Return target Pilot from your graveyard to your hand.",dcs_03_022_n
dcs_03_023n,DCS-03-023 N,Predictive Unit,Blue,Deck,2,Character,Drone,Dawn of the Celestial Shadow,1,3,negate,FALSE,1,FALSE,Opposing cards lose [PREEMPTIVE STRIKE].,dcs_03_023_n
dcs_03_024n,DCS-03-024 N,Maintenance Worker,Blue,Deck,2,Character,Engineer,"Dawn of the Celestial Shadow, Structure Deck: Time for Counterattack",1,3,"turn end, heal",FALSE,1,FALSE,[TURN END]: [HEAL 2] target Mecha or Drone.,dcs_03_024_n
sd_03_013n,SD-03-013 N,Radio Recon,Blue,Deck,2,Character,Operator,Structure Deck: Time for Counterattack,1,3,"rapid recovery, frazzle, draw, buff, graveyard",FALSE,1,FALSE,"[RAPID RECOVERY]
FRAZZLE, FRAZZLE: Draw 1 card, then you may discard 1 card. If you do, target Mecha you control gets +1 ATK until end of turn.",sd_03_013_n
dcs_03_025n,DCS-03-025 N,"Haruka Phoenix, Daring Pilot",Blue,Deck,2,Character,Pilot,Dawn of the Celestial Shadow,2,1,"pilot, pay, shatter",FALSE,1,TRUE,"[PILOT]: Whenever the Piloted Mecha is obliviated, you may PAY 2. If you do, return that card your Persona Deck instead.
[SHATTER]: You may PAY 2. If you do, return this card to your hand.",dcs_03_025_n
dcs_03_026n,DCS-03-026 N,Attack Pilot,Blue,Deck,2,Character,Pilot,Dawn of the Celestial Shadow,2,2,"pilot, preemptive strike, buff",FALSE,1,FALSE,"[PREEMPTIVE STRIKE]
[PILOT]: Piloted Mecha gets +1 ATK.",dcs_03_026_n
dcs_03_027n,DCS-03-027 N,Precision Sentinel,Blue,Deck,2,Character,Drone,"Dawn of the Celestial Shadow, Structure Deck: Time for Counterattack",2,2,"enter, deal",FALSE,1,FALSE,[ENTER]: Deal 1 damage to target Character.,dcs_03_027_n
dcs_03_028n,DCS-03-028 N,Drone Operator,Blue,Deck,3,Character,Operator,Dawn of the Celestial Shadow,1,2,buff,FALSE,1,FALSE,Adjacent Drones get +1 ATK.,dcs_03_028_n
dcs_03_029n,DCS-03-029 N,Master Technician,Blue,Deck,3,Character,Engineer,Dawn of the Celestial Shadow,2,3,"enter, shatter, put into play",FALSE,1,FALSE,"[ENTER]: Shatter target Drone you control, then put a Drone from your hand into play.",dcs_03_029_n
dcs_03_030n,DCS-03-030 N,Stealth Remote Control Unit,Blue,Deck,3,Character,Drone,"Dawn of the Celestial Shadow, Structure Deck: Time for Counterattack",3,1,"frazzle, isolate",FALSE,1,FALSE,"[ISOLATE]
FRAZZLE: Target Mecha gets [ISOLATE] until end of turn.",dcs_03_030_n
dcs_03_031n,DCS-03-031 N,R&D Engineer,Blue,Deck,4,Character,Engineer,"Dawn of the Celestial Shadow, Structure Deck: Time for Counterattack",1,3,"enter, search, put into play",FALSE,1,FALSE,[ENTER]: Search your deck for a Drone and put it into play.,dcs_03_031_n
dcs_03_032n,DCS-03-032 N,Auxiliary Hangar,Blue,Deck,2,Scenography,Building,Dawn of the Celestial Shadow,,4,"buff, regeneration",FALSE,1,FALSE,"Whenever a Mecha you control attacks, it gets +1 ATK and [REGENERATION 2] until end of turn.",dcs_03_032_n
dcs_03_033n,DCS-03-033 N,Self-destruct Mechanism,Blue,Deck,3,Scenography,Weapon,Dawn of the Celestial Shadow,,2,"worn, deal, obliviate",FALSE,1,FALSE,"[WORN Mecha or Drone]: The wearer of this card gets “Obliviate this card and all the cards in its subslots: Deal X damage to target Character or Scenography, where X is the cost of the wearer”.",dcs_03_033_n
dcs_03_034n,DCS-03-034 N,"AB, Recovery Line",Blue,Deck,3,Scenography,Building,Dawn of the Celestial Shadow,,4,"enter, obliviate, graveyard, turn start, put into play",FALSE,1,FALSE,"[ENTER]: Obliviate target Mecha you control, then put any number of Drones with total cost equal to or less than the cost of the Mecha obliviated this way from your oblivion into your graveyard.
[TURN START]: Return target Drone that costs 2 or less from your graveyard to play.",dcs_03_034_n
dcs_03_035n,DCS-03-035 N,Switch Over,Blue,Deck,1,Action,Action,Dawn of the Celestial Shadow,,,,FALSE,1,FALSE,"Return target Pilot you control assigned to a Mecha to your hand, then put a Pilot from your hand into play and assign it to that Mecha.",dcs_03_035_n
dcs_03_036n,DCS-03-036 N,Emergency Assembly,Blue,Deck,2,Action,Strategy,"Dawn of the Celestial Shadow, Structure Deck: Time for Counterattack",,,"draw, reorder, graveyard",FALSE,1,FALSE,"Look at the top 3 cards of your deck. Add one to your hand, then put one at the top of your deck and one into your graveyard.",dcs_03_036_n
dcs_03_037n,DCS-03-037 N,Recalibrate Equipment,Blue,Deck,2,Action,Action,"Dawn of the Celestial Shadow, Structure Deck: Time for Counterattack",,,enter,FALSE,1,FALSE,Target Character triggers its [ENTER] ability.,dcs_03_037_n
dcs_03_038n,DCS-03-038 N,Barrage Fire,Blue,Deck,6,Action,Action,"Dawn of the Celestial Shadow, Structure Deck: Time for Counterattack",,,deal,FALSE,1,FALSE,Target Mecha you control deals damage equal to its ATK divided as you choose among 3 adjacent Characters.,dcs_03_038_n
"dcs01015sr","DCS 01 015 SR","Julia, Scarlet Swordwoman","Green","Deck","2","Character","Adventurer","Dawn of the Celestial Shadow, Structure Deck: the Hero's Journey","","","assault, enter, quest","FALSE","1","FALSE","[ASSAULT]
[ENTER]: [QUEST 1]
This card gets +1 ATK and +1 HP for each Quest counter on your Protagonist, up to a maximum of +3.","dcs_01_015_sr"
"dcs01017p","DCS 01 017 P","Oriana, Brash Mercenary","Green","Deck","3","Character","Adventurer","Dawn of the Celestial Shadow, Structure Deck: the Hero's Journey","","","rapid_recovery, regeneration, quest","FALSE","1","FALSE","[RAPID RECOVERY] [REGENERATION 1]
Whenever this card shatters an opposing Character while attacking, [QUEST 1].","dcs_01_017_p"
"dcs01036p","DCS 01 036 P","Heroic Destinies","Green","Deck","3","Action","","Dawn of the Celestial Shadow","","","quest, barrier","FALSE","1","FALSE","Choose 1:
• [QUEST 1], then draw 1 card.
• Heroes you control get +1 ATK and [BARRIER] until end of turn.","dcs_01_036_p"
"dcs02018p","DCS 02 018 P","Pain Fanatic","Red","Deck","2","Character","Supporter","Dawn of the Celestial Shadow","","","","FALSE","1","FALSE","This card gets +1 ATK for each damage on it.","dcs_02_018_p"
"dcs02033sr","DCS 02 033 SR","Isabella, First Descendant","Red","Deck","5","Character","Vampire","Dawn of the Celestial Shadow","","","isolate, enter","FALSE","1","FALSE","[ISOLATE]
[ENTER]: You can play a Blood Tithe from your Persona Deck.","dcs_02_033_sr"
"dcs02035p","DCS 02 035 P","Progenitor's Estate","Red","Deck","2","Scenography","Building","Dawn of the Celestial Shadow","","","","FALSE","1","FALSE","Vampires you control gets +1 ATK.
Supporters you control gets +1 HP.","dcs_02_035_p"
"dcs03016p","DCS 03 016 P","Replicant Automaton","Blue","Deck","1","Character","Drone","Dawn of the Celestial Shadow","","","enter","FALSE","1","FALSE","[ENTER]: If you don’t control another card with the same name, search your deck for a Replicant Automaton and put it into play.","dcs_03_016_p"
"dcs03025sr","DCS 03 025 SR","Haruka Phoenix, Daring Pilot","Blue","Deck","2","Character","Pilot","Dawn of the Celestial Shadow","","","pilot, shatter","FALSE","1","FALSE","[PILOT]: Whenever the Piloted Mecha is obliviated, you may PAY 2. If you do, return that card your Persona Deck instead.
[SHATTER]: You may PAY 2. If you do, return this card to your hand.","dcs_03_025_sr"
"dcs03037p","DCS 03 037 P","Recalibrate Equipment","Blue","Deck","2","Action","","Dawn of the Celestial Shadow","","","enter","FALSE","1","FALSE","Target Character triggers its [ENTER] ability.","dcs_03_037_p"
"dcs04001ex","DCS 04 001 EX","Satsuki, Ordinary Student","Pink","Protagonist","2","Protagonist","Student","Dawn of the Celestial Shadow, Structure Deck: Seraph Transform","","","turn_start","FALSE","1","FALSE","You cannot play Spells and/or Enchantments.
[TURN START]: Look at the top 3 cards of your deck. Put any number of them on the top of your deck in any order, then put the rest on the bottom of your deck.","dcs_04_001_ex"
"dcs04002ex","DCS 04 002 EX","Seraph Azalea, Magical Girl","Pink","Persona","2","Protagonist","Mage","Dawn of the Celestial Shadow, Structure Deck: Seraph Transform","","","alter_ego, barrier, enter, heal","FALSE","1","FALSE","[ALTER EGO 3] [BARRIER]
[ENTER]: [HEAL 3] target card, then draw 1 card.
Whenever you play a Spell, increase each numeric instance in its effect by 1.","dcs_04_002_ex"
"dcs04003ex","DCS 04 003 EX","Seraph Azalea, Second Form","Pink","Persona","2","Protagonist","Mage","Dawn of the Celestial Shadow, Structure Deck: Seraph Transform","","","alter_ego, barrier, enter","FALSE","1","FALSE","[ALTER EGO 7] [BARRIER]
[ENTER]: Add a Spell from your Persona Deck to your hand.
Whenever you play a Spell, increase each numeric instance in its effect by 1, then create a copy. You may choose new targets for the copy.","dcs_04_003_ex"
"dcs04004ex","DCS 04 004 EX","Seraph Azalea, Final Form","Pink","Persona","2","Protagonist","Mage","Dawn of the Celestial Shadow, Structure Deck: Seraph Transform","","","alter_ego, barrier, shield, enter","FALSE","1","FALSE","[ALTER EGO 10] [BARRIER] [SHIELD 1]
[ENTER]: Put a Magical Wand from your Persona Deck into play.
Whenever you play a Spell, increase each numeric instance in its effect by 1, then create two copies. You may choose new targets for the copies.","dcs_04_004_ex"
"dcs04005ex","DCS 04 005 EX","Rin, Gloomy Hikikomori","Pink","Protagonist","5","Protagonist","Student","Dawn of the Celestial Shadow","","","shield","FALSE","1","FALSE","You cannot play Spells and/or Enchantments.
If you don’t control a Character, this card gets [SHIELD 1].
Discard 1 Character or Scenography: Look at the top 2 cards of your deck. Add one to your hand, then put the other into your graveyard. Activate this ability only once per turn.","dcs_04_005_ex"
"dcs04006ex","DCS 04 006 EX","Seraph Aster, Lone Paladin","Pink","Persona","5","Protagonist","Mage","Dawn of the Celestial Shadow","","","alter_ego, barrier, shield","FALSE","1","FALSE","[ALTER EGO 3] [BARRIER] [SHIELD 1]
If you don’t control a Character, this card gets
“Whenever a Spell and/or Enchantment you control would affect your Protagonist, increase each numeric instance in its effect by 1”.","dcs_04_006_ex"
"dcs04007ex","DCS 04 007 EX","Seraph Aster, Redeemed","Pink","Persona","5","Protagonist","Mage","Dawn of the Celestial Shadow","","","alter_ego, barrier, shield, enter","FALSE","1","FALSE","[ALTER EGO 8] [BARRIER] [SHIELD 1]
[ENTER]: Put a Magical Wand from your Persona Deck into play, then add a Spell from your Persona Deck to your hand.
Whenever a Spell and/or Enchantment you control would affect your Protagonist, increase each numeric instance in its effect by 2.","dcs_04_007_ex"
"dcs04008ex","DCS 04 008 EX","Shining Seraph Wand","Pink","Persona","7","Scenography","Magical Wand","Dawn of the Celestial Shadow","","","imperishable, worn, breakthrough","FALSE","1","FALSE","[IMPERISHABLE]
[WORN Mage]: The wearer of this card gets +2 ATK and [BREAKTHROUGH].","dcs_04_008_ex"
"dcs04009ex","DCS 04 009 EX","Angel Glowing Restoration!","Pink","Persona","8","Action","Spell","Dawn of the Celestial Shadow","","","heal","FALSE","1","FALSE","Choose 2:
• [HEAL 2] target card.
• Return target Mage from your graveyard to play.
• Return all Scenographies from your graveyard to play.
• Draw 1 card.","dcs_04_009_ex"
"dcs04010ex","DCS 04 010 EX","Angel Shining Bloom!","Pink","Persona","8","Action","Spell","Dawn of the Celestial Shadow, Structure Deck: Seraph Transform","","","heal","FALSE","1","FALSE","Choose 1:
• Deal 5 damage to target card.
• Deal 1 damage to all opposing Characters.
• [HEAL 1] target card.
• Draw 1 card.","dcs_04_010_ex"
"dcs04011ex","DCS 04 011 EX","Angel Starry Flowering!","Pink","Persona","8","Action","Spell","Dawn of the Celestial Shadow","","","","FALSE","1","FALSE","Choose 2:
• Deal 2 damage to all opposing cards.
• Return up to three target Mages from your graveyard to play.
• Play a copy of a Spell from your graveyard.","dcs_04_011_ex"
"dcs04012n","DCS 04 012 N","Amateur Web Reporter","Pink","Deck","1","Character","Influencer","Dawn of the Celestial Shadow","","","","FALSE","1","FALSE","Whenever an Action you control resolves, place 1 Hype counter on this card.
Remove X Hype counters: Set aside X cards from your hand, then draw that many cards. Put the set aside cards on the top of your deck in any order.","dcs_04_012_n"
"dcs04013n","DCS 04 013 N","Arcane Familiar","Pink","Deck","1","Character","Familiar","Dawn of the Celestial Shadow, Structure Deck: Seraph Transform","","","enter","FALSE","1","FALSE","[ENTER]: Search your deck for a Seraph! Change! or a Spell or Enchantment that costs 2 or less, reveal it, and add it to your hand.","dcs_04_013_n"
"dcs04013p","DCS 04 013 P","Arcane Familiar","Pink","Deck","1","Character","Familiar","Dawn of the Celestial Shadow","","","enter","FALSE","1","FALSE","[ENTER]: Search your deck for a Seraph! Change! or a Spell or Enchantment that costs 2 or less, reveal it, and add it to your hand.","dcs_04_013_p"
"dcs04014n","DCS 04 014 N","Protective Barrier","Pink","Deck","2","Character","Barrier","Dawn of the Celestial Shadow, Structure Deck: Seraph Transform","","","guard","FALSE","1","FALSE","[GUARD]","dcs_04_014_n"
"dcs04015n","DCS 04 015 N","Seraph Lycoris, Magical Girl","Pink","Deck","5","Character","Mage","Dawn of the Celestial Shadow, Structure Deck: Seraph Transform","","","barrier, shield, enter","FALSE","1","FALSE","[BARRIER] [SHIELD 1]
[ENTER]: Return target Spell from your graveyard to your hand.","dcs_04_015_n"
"dcs04015sr","DCS 04 015 SR","Seraph Lycoris, Magical Girl","Pink","Deck","5","Character","Mage","Dawn of the Celestial Shadow","","","barrier, shield, enter","FALSE","1","FALSE","[BARRIER] [SHIELD 1]
[ENTER]: Return target Spell from your graveyard to your hand.","dcs_04_015_sr"
"dcs04016n","DCS 04 016 N","Seraph Freesia, Magical Girl","Pink","Deck","5","Character","Mage","Dawn of the Celestial Shadow, Structure Deck: Seraph Transform","","","barrier, shield, enter","FALSE","1","FALSE","[BARRIER] [SHIELD 1]
[ENTER]: Deal 4 damage to target Character.","dcs_04_016_n"
"dcs04017n","DCS 04 017 N","Seraph Iris, Magical Girl","Pink","Deck","5","Character","Mage","Dawn of the Celestial Shadow, Structure Deck: Seraph Transform","","","barrier, shield, enter","FALSE","1","FALSE","[BARRIER] [SHIELD 1]
[ENTER]: Look at the top 2 cards of your deck. Add one to your hand, then put the other on the top or bottom of your deck.","dcs_04_017_n"
"dcs04018n","DCS 04 018 N","Seraph Aster, Magical Girl","Pink","Deck","6","Character","Mage","Dawn of the Celestial Shadow, Structure Deck: Seraph Transform","","","barrier, shield","FALSE","1","FALSE","[BARRIER] [SHIELD 1]
Whenever a Spell you control resolves, this card gets +1 ATK until end of turn.","dcs_04_018_n"
"dcs04019n","DCS 04 019 N","Energy Drink","Pink","Deck","1","Scenography","Drink","Dawn of the Celestial Shadow","","","heal","FALSE","1","FALSE","PAY 1, shatter this card: Choose 1:
• [HEAL 1] target card.
• Draw 1 card.","dcs_04_019_n"
"dcs04020n","DCS 04 020 N","Radiant Aura","Pink","Deck","1","Scenography","Enchantment","Dawn of the Celestial Shadow","","","worn, shield","FALSE","1","FALSE","[WORN Mage]: The wearer of this card gets [SHIELD 1] against the first source of damage each turn.","dcs_04_020_n"
"dcs04021n","DCS 04 021 N","Deflecting Enchantment","Pink","Deck","2","Scenography","Enchantment","Dawn of the Celestial Shadow","","","","FALSE","1","FALSE","Whenever a Mage you control would take damage from an opposing Action or ability, you may deal that many damage to this card instead.
Whenever another Scenography you control would be shattered, you may shatter this card instead.","dcs_04_021_n"
"dcs04022n","DCS 04 022 N","Light Saber","Pink","Deck","2","Scenography","Enchantment","Dawn of the Celestial Shadow","","","worn","FALSE","1","FALSE","[WORN Mage or Rebel]: The wearer of this card gets +1 ATK.","dcs_04_022_n"
"dcs04023n","DCS 04 023 N","Urban Surveillance","Pink","Deck","4","Scenography","","Dawn of the Celestial Shadow","","","","FALSE","1","FALSE","Whenever a Character enters play under your opponent’s control, recover 1 Fragment.","dcs_04_023_n"
"dcs04024n","DCS 04 024 N","Seraph Warriors in Action!","Pink","Deck","7","Scenography","Enchantment","Dawn of the Celestial Shadow","","","rapid_recovery","FALSE","1","FALSE","Mages you control get [RAPID RECOVERY].
Whenever a Mage you control attacks, it deals 1 damage to target card.","dcs_04_024_n"
"dcs04025n","DCS 04 025 N","Celestial Ribbon","Pink","Deck","0","Action","Spell","Dawn of the Celestial Shadow, Structure Deck: Seraph Transform","","","","FALSE","1","FALSE","Target Character gets -1 ATK until end of turn.","dcs_04_025_n"
"dcs04026n","DCS 04 026 N","Dramatic Entrance","Pink","Deck","1","Action","","Dawn of the Celestial Shadow","","","","FALSE","1","FALSE","Return target Character you control to your hand, then put a Character with the same cost as that card from your hand into play.","dcs_04_026_n"
"dcs04027n","DCS 04 027 N","Enchanted Arrow","Pink","Deck","1","Action","Spell","Dawn of the Celestial Shadow, Structure Deck: Seraph Transform","","","","FALSE","1","FALSE","Deal 1 damage to target Character.","dcs_04_027_n"
"dcs04028n","DCS 04 028 N","Healing Glow","Pink","Deck","1","Action","Spell","Dawn of the Celestial Shadow","","","heal","FALSE","1","FALSE","[HEAL 1] target card.","dcs_04_028_n"
"dcs04029n","DCS 04 029 N","Mystic Reflection","Pink","Deck","1","Action","Spell","Dawn of the Celestial Shadow, Structure Deck: Seraph Transform","","","","FALSE","1","FALSE","Look at the top 2 cards of your deck. Add one to your hand, then put the other on the top or bottom of your deck.","dcs_04_029_n"
"dcs04030n","DCS 04 030 N","Defense Shield","Pink","Deck","2","Action","Spell","Dawn of the Celestial Shadow, Structure Deck: Seraph Transform","","","shield","FALSE","1","FALSE","Target card gets [SHIELD 1] until end of turn.","dcs_04_030_n"
"dcs04031n","DCS 04 031 N","Rapid Unraveling","Pink","Deck","2","Action","Spell","Dawn of the Celestial Shadow","","","","FALSE","1","FALSE","Deal 3 damage to target Scenography.","dcs_04_031_n"
"dcs04032n","DCS 04 032 N","Light Shower","Pink","Deck","3","Action","Spell","Dawn of the Celestial Shadow, Structure Deck: Seraph Transform","","","","FALSE","1","FALSE","Deal 1 damage to all opposing Characters.","dcs_04_032_n"
"dcs04033n","DCS 04 033 N","Piercing Bolt","Pink","Deck","3","Action","Spell","Dawn of the Celestial Shadow","","","shield","FALSE","1","FALSE","Deal 2 damage to target Character or Scenography. Ignore [SHIELD].","dcs_04_033_n"
"dcs04034n","DCS 04 034 N","Renegade's Wrath","Pink","Deck","3","Action","","Dawn of the Celestial Shadow","","","enter","FALSE","1","FALSE","Discard 1 Mage: Triggers the [ENTER] ability of the card discarded this way.","dcs_04_034_n"
"dcs04035n","DCS 04 035 N","Seraph! Change!","Pink","Deck","3","Action","","Dawn of the Celestial Shadow, Structure Deck: Seraph Transform","","","alter_ego","FALSE","1","FALSE","If your Protagonist is a Student or a Mage, put the card with the lowest [ALTER EGO] value from your Persona Deck into play, then replace your Protagonist with it.","dcs_04_035_n"
"dcs04035p","DCS 04 035 P","Seraph! Change!","Pink","Deck","3","Action","","Dawn of the Celestial Shadow","","","alter_ego","FALSE","1","FALSE","If your Protagonist is a Student or a Mage, put the card with the lowest [ALTER EGO] value from your Persona Deck into play, then replace your Protagonist with it.","dcs_04_035_p"
"dcs04036n","DCS 04 036 N","Entwined Magical Attack","Pink","Deck","4","Action","Spell","Dawn of the Celestial Shadow","","","","FALSE","1","FALSE","Deal X+1 damage to target Character, where X is the number of Mages you control.
Target Mage gets +1 ATK until end of turn.","dcs_04_036_n"
"dcs04037n","DCS 04 037 N","Mirror Image","Pink","Deck","5","Action","Spell","Dawn of the Celestial Shadow","","","","FALSE","1","FALSE","Choose 1:
• Change the target of an attack.
• Choose the targets and/or the modes of the next Action or ability.","dcs_04_037_n"
"dcs04038n","DCS 04 038 N","Confinement Bond","Pink","Deck","6","Action","Spell","Dawn of the Celestial Shadow","","","","FALSE","1","FALSE","Obliviate target Character that costs 6 or less.","dcs_04_038_n"
"dcs05001ex","DCS 05 001 EX","Jianyi, Prophet of the End","Purple","Protagonist","3","Protagonist","Herald","Dawn of the Celestial Shadow, Structure Deck: Beginning of the End","","","","FALSE","1","FALSE","Whenever you discard a card to pay a cost or as part of the effect of a card you control, place 1 Omen counter on this card.
Remove 5 Omen counters: Put target Herald from your Persona Deck into play, then replace this card with it.","dcs_05_001_ex"
"dcs05002ex","DCS 05 002 EX","Jianyi, Fractured Vessel","Purple","Persona","3","Protagonist","Herald","Dawn of the Celestial Shadow","","","alter_ego, enter","FALSE","1","FALSE","[ALTER EGO 4]
[ENTER]: Put a Ritual from your Persona Deck into play, then draw X cards, where X is 5 minus the number of cards in your hand.
FRAZZLE: Target Character loses 1 keyword until end of turn.","dcs_05_002_ex"
"dcs05003ex","DCS 05 003 EX","Jianyi, Herald of Consumption","Purple","Persona","3","Protagonist","Herald","Dawn of the Celestial Shadow, Structure Deck: Beginning of the End","","","alter_ego, enter","FALSE","1","FALSE","[ALTER EGO 4]
[ENTER]: Put a Ritual from your Persona Deck into play, then deal X damage to target Character or Scenography, where X is 6 minus the number of cards in your hand.
FRAZZLE: Deal 1 damage to target Character or Scenography.","dcs_05_003_ex"
"dcs05004ex","DCS 05 004 EX","Kadatha, Dimensional Wanderer","Purple","Protagonist","5","Protagonist","Cosmic Deity","Dawn of the Celestial Shadow","","","shield","FALSE","1","FALSE","If you control a Ritual, this card gets [SHIELD 1].
PAY X: Put target Ritual that costs X from your Persona Deck into play.","dcs_05_004_ex"
"dcs05005ex","DCS 05 005 EX","Rakh'shan, He Who Determines","Purple","Persona","10","Character","Cosmic Deity","Dawn of the Celestial Shadow","","","imperishable, guard","FALSE","1","FALSE","[IMPERISHABLE] [GUARD]
This card gets +1 ATK and +1 HP for each card in your and your opponent’s oblivion.
Whenever this card shatters an opposing Character, obliviate it.","dcs_05_005_ex"
"dcs05006ex","DCS 05 006 EX","Zath-Shotu, He Who Consumes","Purple","Persona","10","Character","Cosmic Deity","Dawn of the Celestial Shadow, Structure Deck: Beginning of the End","","","shatter","FALSE","1","FALSE","Once per turn, this card can take damage instead of your Protagonist.
[SHATTER]: You may obliviate all Characters you control or your entire hand. If you do, return this card to play with 1 Frazzle counter on it.","dcs_05_006_ex"
"dcs05007ex","DCS 05 007 EX","Rl'ggkt, He Who Erodes","Purple","Persona","10","Character","Cosmic Deity","Dawn of the Celestial Shadow, Structure Deck: Beginning of the End","","","imperishable, breakthrough","FALSE","1","FALSE","[IMPERISHABLE] [BREAKTHROUGH]
Whenever a card is put in your or your opponent’s graveyard, obliviate it instead.
Whenever this card attacks, it deals 4 damage to target card.","dcs_05_007_ex"
"dcs05008ex","DCS 05 008 EX","Tear in the Fabric of Reality","Purple","Persona","3","Scenography","Ritual","Dawn of the Celestial Shadow","","","imperishable, advent","FALSE","1","FALSE","[IMPERISHABLE]
Obliviate target card with [ADVENT] from you graveyard: Place 1 Advent counter on this card.
Remove 13 Advent counters, obliviate this card: Put target Cosmic Deity from your Persona Deck into play.","dcs_05_008_ex"
"dcs05009ex","DCS 05 009 EX","Gateway to the End’s Advent","Purple","Persona","5","Scenography","Ritual","Dawn of the Celestial Shadow, Structure Deck: Beginning of the End","","","imperishable","FALSE","1","FALSE","[IMPERISHABLE]
Whenever a card is obliviated, place 1 Advent counter on this card.
Remove 10 Advent counters, obliviate this card: Put target Cosmic Deity from your Persona Deck into play.","dcs_05_009_ex"
"dcs05010ex","DCS 05 010 EX","Rift in the Cosmic Balance","Purple","Persona","5","Scenography","Ritual","Dawn of the Celestial Shadow","","","imperishable, advent","FALSE","1","FALSE","[IMPERISHABLE]
Whenever a card with [ADVENT] is put into play, place 1 Advent counter on this card.
Remove 6 Advent counters, obliviate this card: Put target Cosmic Deity from your Persona Deck into play.","dcs_05_010_ex"
"dcs05011ex","DCS 05 011 EX","The Coming of the End","Purple","Persona","0","Action","","Dawn of the Celestial Shadow","","","turn_start","FALSE","1","FALSE","[TURN START]: If you control any number of Cosmic Deities with a combined ATK value of 20 or more, play this card from your Persona Deck. You win the game.","dcs_05_011_ex"
"dcs05012n","DCS 05 012 N","Cult Recruiter","Purple","Deck","1","Character","Fanatic","Dawn of the Celestial Shadow, Structure Deck: Beginning of the End","","","enter","FALSE","1","FALSE","[ENTER]: If you don’t control another Fanatic, search your deck for a Fanatic, reveal it, and add it to your hand.","dcs_05_012_n"
"dcs05013n","DCS 05 013 N","Bringer of Intervention","Purple","Deck","1","Character","Fanatic","Dawn of the Celestial Shadow, Structure Deck: Beginning of the End","","","rapid_recovery","FALSE","1","FALSE","[RAPID RECOVERY]
FRAZZLE, FRAZZLE, discard 1 card: Target card gets -1 ATK until end of turn.","dcs_05_013_n"
"dcs05014n","DCS 05 014 N","Acolyte of the End","Purple","Deck","2","Character","Fanatic","Dawn of the Celestial Shadow, Structure Deck: Beginning of the End","","","heal","FALSE","1","FALSE","FRAZZLE, discard 1 card: [HEAL 1] target card.","dcs_05_014_n"
"dcs05015n","DCS 05 015 N","Children of Cosmic Influence","Purple","Deck","2","Character","Aberration","Dawn of the Celestial Shadow, Structure Deck: Beginning of the End","","","advent, enter, shatter","FALSE","1","FALSE","[ADVENT]
[ENTER]:  Draw 1 card, then PAY 1 or discard 1 card
[SHATTER]: Draw 1 card, then discard 1 card.","dcs_05_015_n"
"dcs05015p","DCS 05 015 P","Children of Cosmic Influence","Purple","Deck","2","Character","Aberration","Dawn of the Celestial Shadow","","","","FALSE","1","FALSE","[ADVENT]
[ENTER]:  Draw 1 card, then PAY 1 or discard 1 card
[SHATTER]: Draw 1 card, then discard 1 card.","dcs_05_015_p"
"dcs05016n","DCS 05 016 N","Prophet's Bodyguard","Purple","Deck","3","Character","Fanatic","Dawn of the Celestial Shadow","","","shield","FALSE","1","FALSE","[SHIELD 1]
FRAZZLE, discard 1 card: Change the target of an attack to this card.","dcs_05_016_n"
"dcs05017n","DCS 05 017 N","Prophet's Attendant","Purple","Deck","3","Character","Fanatic","Dawn of the Celestial Shadow, Structure Deck: Beginning of the End","","","","FALSE","1","FALSE","FRAZZLE, discard 1 card: If your hand is empty, draw 2 cards. Otherwise, draw 1 card.","dcs_05_017_n"
"dcs05018n","DCS 05 018 N","Unstable Entity","Purple","Deck","3","Character","Entity","Dawn of the Celestial Shadow, Structure Deck: Beginning of the End","","","shield","FALSE","1","FALSE","[SHIELD 1]
This card can be played as a Response.","dcs_05_018_n"
"dcs05019n","DCS 05 019 N","Vicar of Distortion","Purple","Deck","5","Character","Aberration","Dawn of the Celestial Shadow","","","advent, guard, enter","FALSE","1","FALSE","[ADVENT] [GUARD]
[ENTER]: Draw 1 card, then you may discard 1 card. If you do, your opponent discards 1 card.","dcs_05_019_n"
"dcs05020n","DCS 05 020 N","Kadatha, the Unfathomable","Purple","Deck","5","Character","Cosmic Deity","Dawn of the Celestial Shadow, Structure Deck: Beginning of the End","","","enter, shatter","FALSE","1","FALSE","[ENTER]: Discard 1 card, then draw 1 card.
[SHATTER]: You may obliviate target Character you control. If you do, return this card from your graveyard or oblivion to play.
Whenever this card shatters an opposing Character while attacking, obliviate it.","dcs_05_020_n"
"dcs05021n","DCS 05 021 N","Angel of Zath-Shotu","Purple","Deck","5","Character","Aberration","Dawn of the Celestial Shadow","","","advent, enter","FALSE","1","FALSE","[ADVENT]
[ENTER]: Deal 1 damage to all Characters. If at least one Character was shattered this way, copy this ability. Then PAY 3 or retire this card.","dcs_05_021_n"
"dcs05021sr","DCS 05 021 SR","Angel of Zath-Shotu","Purple","Deck","5","Character","Aberration","Dawn of the Celestial Shadow","","","","FALSE","1","FALSE","[ADVENT]
[ENTER]: Deal 1 damage to all Characters. If at least one Character was shattered this way, copy this ability. Then PAY 3 or retire this card.","dcs_05_021_sr"
"dcs05022n","DCS 05 022 N","Creeper of Buried Memories","Purple","Deck","6","Character","Aberration","Dawn of the Celestial Shadow","","","advent","FALSE","1","FALSE","[ADVENT]
You can play this card from your oblivion.
This card gets +1 ATK and +1 HP for each card in your oblivion.","dcs_05_022_n"
"dcs05023n","DCS 05 023 N","Manifestation of Rl'ggkt","Purple","Deck","7","Character","Aberration","Dawn of the Celestial Shadow, Structure Deck: Beginning of the End","","","advent, breakthrough, enter","FALSE","1","FALSE","[ADVENT] [BREAKTHROUGH]
[ENTER]: Obliviate target card.","dcs_05_023_n"
"dcs05024n","DCS 05 024 N","Unfathomable Horror","Purple","Deck","8","Character","Aberration","Dawn of the Celestial Shadow","","","advent, assault","FALSE","1","FALSE","[ADVENT] [ASSAULT]
Whenever this card shatters an opposing Character, obliviate it.","dcs_05_024_n"
"dcs05025n","DCS 05 025 N","Offspring of Consumption","Purple","Deck","8","Character","Aberration","Dawn of the Celestial Shadow, Structure Deck: Beginning of the End","","","advent, enter","FALSE","1","FALSE","[ADVENT]
[ENTER]: You may obliviate a Character you control and/or a Character in your hand. If you do, this card gets all their keywords.","dcs_05_025_n"
"dcs05026n","DCS 05 026 N","Fragmented Scourge","Purple","Deck","9","Character","Aberration","Dawn of the Celestial Shadow","","","advent, enter","FALSE","1","FALSE","[ADVENT]
[ENTER]: Search your deck, hand, and graveyard for any number of Fragmented Scourge and put them into play.","dcs_05_026_n"
"dcs05027n","DCS 05 027 N","Devourer of Eternities","Purple","Deck","10","Character","Aberration","Dawn of the Celestial Shadow","","","advent, enter","FALSE","1","FALSE","[ADVENT]
[ENTER]: Obliviate up to 3 cards from your hand and/or graveyard, then deal that many damage to all Characters.","dcs_05_027_n"
"dcs05028n","DCS 05 028 N","Shenlou, Palace of the Prophet","Purple","Deck","2","Scenography","Building","Dawn of the Celestial Shadow","","","","FALSE","1","FALSE","Whenever a card you control is obliviated, look at the top card of your deck. You may put it at the bottom of your deck.
PAY 4: Draw 1 card, then discard 1 card.","dcs_05_028_n"
"dcs05029n","DCS 05 029 N","Divine Blessing","Purple","Deck","X","Action","","Dawn of the Celestial Shadow","","","","FALSE","1","FALSE","Obliviate target Fanatic you control: Search your deck for an Aberration that cost X and put it into play, then recover Fragments equal to the cost of the Fanatic obliviated this way.","dcs_05_029_n"
"dcs05030n","DCS 05 030 N","Reality Distortion","Purple","Deck","1","Action","","Dawn of the Celestial Shadow","","","advent","FALSE","1","FALSE","[ADVENT]
You may discard 1 card. If you do, your opponent discards 1 card. Otherwise, draw 1 card.","dcs_05_030_n"
"dcs05031n","DCS 05 031 N","Shattering the Moment","Purple","Deck","1","Action","","Dawn of the Celestial Shadow, Structure Deck: Beginning of the End","","","","FALSE","1","FALSE","Remove up to 2 counters from your Protagonist: Deal 2 damage to target opposing Character for every counter removed this way.","dcs_05_031_n"
"dcs05032n","DCS 05 032 N","Vision of Catastrophe","Purple","Deck","1","Action","","Dawn of the Celestial Shadow","","","advent","FALSE","1","FALSE","[ADVENT]
Look at the top 4 cards of your deck. If there is an Aberration, reveal it, and add it to your hand. Then put the rest of the cards on the bottom of your deck.","dcs_05_032_n"
"dcs05033n","DCS 05 033 N","Seeking Refuge in the Distortion","Purple","Deck","3","Action","","Dawn of the Celestial Shadow","","","enter","FALSE","1","FALSE","Turn target card you control face down, keeping all counters and damage on it. As long as it remains face down, it’s not considered in play.
If your opponent declares a move, turn it face up. It does not trigger its [ENTER] ability.","dcs_05_033_n"
"dcs05034n","DCS 05 034 N","Dimensional Cut","Purple","Deck","4","Action","","Dawn of the Celestial Shadow, Structure Deck: Beginning of the End","","","","FALSE","1","FALSE","Discard or obliviate 1 card from your hand: Deal X damage to target Character, where X is the cost of the card discarded or obliviated this way.","dcs_05_034_n"
"dcs05035n","DCS 05 035 N","Potential Destinies","Purple","Deck","4","Action","","Dawn of the Celestial Shadow","","","heal","FALSE","1","FALSE","Choose 1:
• Deal 4 damage divided as you choose among 2 adjacent Characters.
• [HEAL 3] target card, then draw 2 cards.","dcs_05_035_n"
"dcs05035p","DCS 05 035 P","Potential Destinies","Purple","Deck","4","Action","","Dawn of the Celestial Shadow","","","heal","FALSE","1","FALSE","Choose 1:
• Deal 4 damage divided as you choose among 2 adjacent Characters.
• [HEAL 3] target card, then draw 2 cards.","dcs_05_035_p"
"dcs05036n","DCS 05 036 N","Dimensional Breach Collapse","Purple","Deck","6","Action","","Dawn of the Celestial Shadow, Structure Deck: Beginning of the End","","","","FALSE","1","FALSE","Obliviate target card you control: Deal damage equal to its cost to all Characters and Scenographies, then recover 1 Fragment for each Character shattered this way.","dcs_05_036_n"
"dcs05037n","DCS 05 037 N","Irrational Genesis","Purple","Deck","7","Action","","Dawn of the Celestial Shadow","","","","FALSE","1","FALSE","Obliviate a card in your hand: Return target Character that costs equal to or less than the Turn Count from your graveyard or oblivion to play with a Frazzle counter on it.","dcs_05_037_n"
"dcs05038n","DCS 05 038 N","Erase from History","Purple","Deck","8","Action","","Dawn of the Celestial Shadow","","","","FALSE","1","FALSE","Obliviate target card and all the other cards with the same name. Search the hand, deck, and graveyard of all players for all cards with the same name and obliviate them.","dcs_05_038_n"
"dcs06001gr","DCS 06 001 GR","Fragment",,,,"Fragment","","Dawn of the Celestial Shadow","","","","FALSE","1","FALSE",,"dcs_06_001_gr"
"dcs06001n","DCS 06 001 N","Fragment",,,,"Fragment","","Dawn of the Celestial Shadow","","","","FALSE","1","FALSE",,"dcs_06_001_n"
